{"conf_table": {"_type": "table-file", "sha256": "64d53b227faa1d9af28f0039b25e56adeb64e665247c693173315a44082c2d85", "size": 182, "artifact_path": "wandb-client-artifact://9afnic4ct12bezwb4reijf42gxcrstg3yfx20ul908h9dh1haagxz2117yee8xumcnvosfrnmm06djtrbjz25p2fljarpkco07waae6zfmk9bolr223t4tx4d3jziphf:latest/conf_table.table.json", "_latest_artifact_path": "wandb-client-artifact://9afnic4ct12bezwb4reijf42gxcrstg3yfx20ul908h9dh1haagxz2117yee8xumcnvosfrnmm06djtrbjz25p2fljarpkco07waae6zfmk9bolr223t4tx4d3jziphf:latest/conf_table.table.json", "path": "media/table/conf_table_33_64d53b227faa1d9af28f.table.json", "ncols": 3, "nrows": 4}, "_timestamp": 1665387838.2047799, "_runtime": 89.57576489448547, "_step": 35, "examples": {"_type": "table-file", "sha256": "91f6e347e7ecd02507aaae308eae951941a1290f1e97d62b6d4de16dc22ad454", "size": 1253, "artifact_path": "wandb-client-artifact://55psdojez7gd7bemeghf2eqjfz2uthse3vmxk4s5mmd98gzz5b1bcgk6rihzq9oe0h2uar0lldt2n8gp6vamqyka44it7mbrobdhz4vx0g5tdi4f457dlp5pm0llv5fu:latest/examples.table.json", "_latest_artifact_path": "wandb-client-artifact://55psdojez7gd7bemeghf2eqjfz2uthse3vmxk4s5mmd98gzz5b1bcgk6rihzq9oe0h2uar0lldt2n8gp6vamqyka44it7mbrobdhz4vx0g5tdi4f457dlp5pm0llv5fu:latest/examples.table.json", "path": "media/table/examples_34_91f6e347e7ecd02507aa.table.json", "ncols": 3, "nrows": 20}, "global_step": 133, "train/loss_step": 0.622083842754364, "train/acc_step": 0.6875, "epoch": 0, "trainer/global_step": 133, "train/loss_epoch": 0.6136317253112793, "train/acc_epoch": 0.7041281461715698, "valid/loss_step/epoch_0": 0.4880756437778473, "valid/loss_epoch": 0.6183931231498718, "valid/acc": 0.6912751793861389, "valid/precision_macro": 0.34563758969306946, "valid/recall_macro": 0.5, "valid/precision_micro": 0.6912751793861389, "valid/recall_micro": 0.6912751793861389, "valid/f1": 0.6912751793861389, "_wandb": {"runtime": 85}}