{"conf_table": {"_type": "table-file", "sha256": "64d53b227faa1d9af28f0039b25e56adeb64e665247c693173315a44082c2d85", "size": 182, "artifact_path": "wandb-client-artifact://5735hz5tvtxuubky3h2paih757qbcpcj6p09j4q4kngx3hfpouczk0qu98e59tl9ouhvys8f6qg4fyubfmc07j52aedg8fkjjxvkyp4jeuaq8wskhbl49ctt7rz39q6x:latest/conf_table.table.json", "_latest_artifact_path": "wandb-client-artifact://5735hz5tvtxuubky3h2paih757qbcpcj6p09j4q4kngx3hfpouczk0qu98e59tl9ouhvys8f6qg4fyubfmc07j52aedg8fkjjxvkyp4jeuaq8wskhbl49ctt7rz39q6x:latest/conf_table.table.json", "path": "media/table/conf_table_33_64d53b227faa1d9af28f.table.json", "ncols": 3, "nrows": 4}, "_timestamp": 1665568256.8317676, "_runtime": 85.66107845306396, "_step": 35, "examples": {"_type": "table-file", "sha256": "91f6e347e7ecd02507aaae308eae951941a1290f1e97d62b6d4de16dc22ad454", "size": 1253, "artifact_path": "wandb-client-artifact://3eimo3c3jhb2aez1rc7lp8e7tf5307tjquh879lb74zn0zlz1mpuh2jfigbwu024chv0917c1dh5v95ma92hhnscapu5622t5d6usvrk90rtwzphhzxd07610xc9wzqv:latest/examples.table.json", "_latest_artifact_path": "wandb-client-artifact://3eimo3c3jhb2aez1rc7lp8e7tf5307tjquh879lb74zn0zlz1mpuh2jfigbwu024chv0917c1dh5v95ma92hhnscapu5622t5d6usvrk90rtwzphhzxd07610xc9wzqv:latest/examples.table.json", "path": "media/table/examples_34_91f6e347e7ecd02507aa.table.json", "ncols": 3, "nrows": 20}, "global_step": 133, "train/loss_step": 0.5514879822731018, "train/acc_step": 0.78125, "epoch": 0, "trainer/global_step": 133, "train/loss_epoch": 0.6201252937316895, "train/acc_epoch": 0.6954742074012756, "valid/loss_step/epoch_0": 0.49634718894958496, "valid/loss_epoch": 0.6174976229667664, "valid/acc": 0.6912751793861389, "valid/precision_macro": 0.34563758969306946, "valid/recall_macro": 0.5, "valid/precision_micro": 0.6912751793861389, "valid/recall_micro": 0.6912751793861389, "valid/f1": 0.6912751793861389, "_wandb": {"runtime": 83}}