{"conf_table": {"_type": "table-file", "sha256": "64d53b227faa1d9af28f0039b25e56adeb64e665247c693173315a44082c2d85", "size": 182, "artifact_path": "wandb-client-artifact://bpw99wyia2s1r1t5hudqguzxm0f4dta88ag5b46kus15z8nclb99vbbn48iwlfuzyuksdlyrjo8bqmrqasks178ujpw8s1lumess9fbq545q0jgf4o7yu0mdo09pcj6g:latest/conf_table.table.json", "_latest_artifact_path": "wandb-client-artifact://bpw99wyia2s1r1t5hudqguzxm0f4dta88ag5b46kus15z8nclb99vbbn48iwlfuzyuksdlyrjo8bqmrqasks178ujpw8s1lumess9fbq545q0jgf4o7yu0mdo09pcj6g:latest/conf_table.table.json", "path": "media/table/conf_table_33_64d53b227faa1d9af28f.table.json", "ncols": 3, "nrows": 4}, "_timestamp": 1665580188.1240044, "_runtime": 78.03924131393433, "_step": 35, "examples": {"_type": "table-file", "sha256": "91f6e347e7ecd02507aaae308eae951941a1290f1e97d62b6d4de16dc22ad454", "size": 1253, "artifact_path": "wandb-client-artifact://a2j7jbt481z56249rjaut3gy6er3ep95mqfybwq59vw8woah2h8q5fax8hd3ofxgvwlpm94506jhte2cbvj0c60x2smjc7q2zithdgs6x6xc0vf62k0etlgamwruqi7o:latest/examples.table.json", "_latest_artifact_path": "wandb-client-artifact://a2j7jbt481z56249rjaut3gy6er3ep95mqfybwq59vw8woah2h8q5fax8hd3ofxgvwlpm94506jhte2cbvj0c60x2smjc7q2zithdgs6x6xc0vf62k0etlgamwruqi7o:latest/examples.table.json", "path": "media/table/examples_34_91f6e347e7ecd02507aa.table.json", "ncols": 3, "nrows": 20}, "global_step": 133, "train/loss_step": 0.652055025100708, "train/acc_step": 0.65625, "epoch": 0, "trainer/global_step": 133, "train/loss_epoch": 0.626075029373169, "train/acc_epoch": 0.6741901636123657, "valid/loss_step/epoch_0": 0.49275875091552734, "valid/loss_epoch": 0.6195441484451294, "valid/acc": 0.6912751793861389, "valid/precision_macro": 0.34563758969306946, "valid/recall_macro": 0.5, "valid/precision_micro": 0.6912751793861389, "valid/recall_micro": 0.6912751793861389, "valid/f1": 0.6912751793861389, "_wandb": {"runtime": 76}}