{"conf_table": {"_type": "table-file", "sha256": "64d53b227faa1d9af28f0039b25e56adeb64e665247c693173315a44082c2d85", "size": 182, "artifact_path": "wandb-client-artifact://v5p6lh7fqv4plg54283qmkd0hb07pqydsgg9wtz2urvtkowry3z6elv0xkdeibr1jffubgu5d0ewuv2osah5a21n0fyozhc0hack5fgvb6hetqdm5c2g8d65bzd0ynr5:latest/conf_table.table.json", "_latest_artifact_path": "wandb-client-artifact://v5p6lh7fqv4plg54283qmkd0hb07pqydsgg9wtz2urvtkowry3z6elv0xkdeibr1jffubgu5d0ewuv2osah5a21n0fyozhc0hack5fgvb6hetqdm5c2g8d65bzd0ynr5:latest/conf_table.table.json", "path": "media/table/conf_table_33_64d53b227faa1d9af28f.table.json", "ncols": 3, "nrows": 4}, "_timestamp": 1665551274.513616, "_runtime": 87.72843503952026, "_step": 35, "examples": {"_type": "table-file", "sha256": "91f6e347e7ecd02507aaae308eae951941a1290f1e97d62b6d4de16dc22ad454", "size": 1253, "artifact_path": "wandb-client-artifact://8bz9bskcj1wlzys5gooegwj01kv4ex08m7mhs90xgydvn7bw7e019z2ip1js9yp8x5538m3por1dhlxrjqvp535lniomigli0eecks1226vs8fgvsl1xp3vla2yrjkx9:latest/examples.table.json", "_latest_artifact_path": "wandb-client-artifact://8bz9bskcj1wlzys5gooegwj01kv4ex08m7mhs90xgydvn7bw7e019z2ip1js9yp8x5538m3por1dhlxrjqvp535lniomigli0eecks1226vs8fgvsl1xp3vla2yrjkx9:latest/examples.table.json", "path": "media/table/examples_34_91f6e347e7ecd02507aa.table.json", "ncols": 3, "nrows": 20}, "global_step": 133, "train/loss_step": 0.5836709141731262, "train/acc_step": 0.734375, "epoch": 0, "trainer/global_step": 133, "train/loss_epoch": 0.611304759979248, "train/acc_epoch": 0.7043620347976685, "valid/loss_step/epoch_0": 0.4806298315525055, "valid/loss_epoch": 0.6181284785270691, "valid/acc": 0.6912751793861389, "valid/precision_macro": 0.34563758969306946, "valid/recall_macro": 0.5, "valid/precision_micro": 0.6912751793861389, "valid/recall_micro": 0.6912751793861389, "valid/f1": 0.6912751793861389, "_wandb": {"runtime": 85}}