{"conf_table": {"_type": "table-file", "sha256": "64d53b227faa1d9af28f0039b25e56adeb64e665247c693173315a44082c2d85", "size": 182, "artifact_path": "wandb-client-artifact://s3op8w5phg7l0ldqzd5doj7kqqdbvhlvfrfisj6dqt73k59p0wmdt58m9p7flg3tie7v03qbugd9wg63fqg3ehc1xetjlgti84ooprgntnk60k568dzph1pz4ifvaxf6:latest/conf_table.table.json", "_latest_artifact_path": "wandb-client-artifact://s3op8w5phg7l0ldqzd5doj7kqqdbvhlvfrfisj6dqt73k59p0wmdt58m9p7flg3tie7v03qbugd9wg63fqg3ehc1xetjlgti84ooprgntnk60k568dzph1pz4ifvaxf6:latest/conf_table.table.json", "path": "media/table/conf_table_33_64d53b227faa1d9af28f.table.json", "ncols": 3, "nrows": 4}, "_timestamp": 1664864547.1140466, "_runtime": 78.22709560394287, "_step": 35, "examples": {"_type": "table-file", "sha256": "91f6e347e7ecd02507aaae308eae951941a1290f1e97d62b6d4de16dc22ad454", "size": 1253, "artifact_path": "wandb-client-artifact://183l008srd36t3qogxq4m3fwqq0rscmn4cn7yqz4cdh04zs30xb5r72hqqpm2idq7uik8pnl0ozm85d3er7zbsjuh88epyq35nf4bbkhmt5ggaqqn28j5ywcc742k42f:latest/examples.table.json", "_latest_artifact_path": "wandb-client-artifact://183l008srd36t3qogxq4m3fwqq0rscmn4cn7yqz4cdh04zs30xb5r72hqqpm2idq7uik8pnl0ozm85d3er7zbsjuh88epyq35nf4bbkhmt5ggaqqn28j5ywcc742k42f:latest/examples.table.json", "path": "media/table/examples_34_91f6e347e7ecd02507aa.table.json", "ncols": 3, "nrows": 20}, "global_step": 133, "train/loss_step": 0.663453221321106, "train/acc_step": 0.640625, "epoch": 0, "trainer/global_step": 133, "train/loss_epoch": 0.6128901839256287, "train/acc_epoch": 0.7038942575454712, "valid/loss_step/epoch_0": 0.480465829372406, "valid/loss_epoch": 0.619111955165863, "valid/acc": 0.6912751793861389, "valid/precision_macro": 0.34563758969306946, "valid/recall_macro": 0.5, "valid/precision_micro": 0.6912751793861389, "valid/recall_micro": 0.6912751793861389, "valid/f1": 0.6912751793861389, "_wandb": {"runtime": 76}}