{"conf_table": {"_type": "table-file", "sha256": "64d53b227faa1d9af28f0039b25e56adeb64e665247c693173315a44082c2d85", "size": 182, "artifact_path": "wandb-client-artifact://2o8nrnsfi2e72t6qynde0oxoclkvfdmnnld89ew8v52lybe310d0k9x8xuygzhc15xid2s2p7kgwcv9gmmzyr2ixiul0usajwijjwuyfkyh8mnsi8xr9j4nv0gypxuoi:latest/conf_table.table.json", "_latest_artifact_path": "wandb-client-artifact://2o8nrnsfi2e72t6qynde0oxoclkvfdmnnld89ew8v52lybe310d0k9x8xuygzhc15xid2s2p7kgwcv9gmmzyr2ixiul0usajwijjwuyfkyh8mnsi8xr9j4nv0gypxuoi:latest/conf_table.table.json", "path": "media/table/conf_table_33_64d53b227faa1d9af28f.table.json", "ncols": 3, "nrows": 4}, "_timestamp": 1665559909.9099715, "_runtime": 89.61682844161987, "_step": 35, "examples": {"_type": "table-file", "sha256": "91f6e347e7ecd02507aaae308eae951941a1290f1e97d62b6d4de16dc22ad454", "size": 1253, "artifact_path": "wandb-client-artifact://ysogmc1zx4iawzuhdb3vovlurztaatmcajitqmo47kggq008bqmaroa7ewfgjkldakd6f02xd0qlb3pginm7wwn7a4zv31lzn7ic83fgm2865frn14jzyy2p7h304qnq:latest/examples.table.json", "_latest_artifact_path": "wandb-client-artifact://ysogmc1zx4iawzuhdb3vovlurztaatmcajitqmo47kggq008bqmaroa7ewfgjkldakd6f02xd0qlb3pginm7wwn7a4zv31lzn7ic83fgm2865frn14jzyy2p7h304qnq:latest/examples.table.json", "path": "media/table/examples_34_91f6e347e7ecd02507aa.table.json", "ncols": 3, "nrows": 20}, "global_step": 133, "train/loss_step": 0.6634508967399597, "train/acc_step": 0.640625, "epoch": 0, "trainer/global_step": 133, "train/loss_epoch": 0.611653745174408, "train/acc_epoch": 0.7042450904846191, "valid/loss_step/epoch_0": 0.4803798496723175, "valid/loss_epoch": 0.6188284754753113, "valid/acc": 0.6912751793861389, "valid/precision_macro": 0.34563758969306946, "valid/recall_macro": 0.5, "valid/precision_micro": 0.6912751793861389, "valid/recall_micro": 0.6912751793861389, "valid/f1": 0.6912751793861389, "_wandb": {"runtime": 87}}