{"conf_table": {"_type": "table-file", "sha256": "64d53b227faa1d9af28f0039b25e56adeb64e665247c693173315a44082c2d85", "size": 182, "artifact_path": "wandb-client-artifact://146laa2kxet8qic7i2prj9zzl4t6m8vaqcvnqm7k69f7h9wt0juxaic0o9qjhheye9inttgpfkczlhbfy5atldgnj4nhfvr2se3pvg170s3i0xqft8sb2q6y01lszrza:latest/conf_table.table.json", "_latest_artifact_path": "wandb-client-artifact://146laa2kxet8qic7i2prj9zzl4t6m8vaqcvnqm7k69f7h9wt0juxaic0o9qjhheye9inttgpfkczlhbfy5atldgnj4nhfvr2se3pvg170s3i0xqft8sb2q6y01lszrza:latest/conf_table.table.json", "path": "media/table/conf_table_33_64d53b227faa1d9af28f.table.json", "ncols": 3, "nrows": 4}, "_timestamp": 1665729882.7534418, "_runtime": 86.10395169258118, "_step": 35, "examples": {"_type": "table-file", "sha256": "91f6e347e7ecd02507aaae308eae951941a1290f1e97d62b6d4de16dc22ad454", "size": 1253, "artifact_path": "wandb-client-artifact://cv9u1fj6ftj762etmckq5ugir0i5lvpegesx70yp2sk02l0fkghmqmdx2tzpxqq6r4xoxay06dsiz5n017r7zlk5bulp7q36gqfozvv9tt0x6lrqmb5vmceru6b66nmh:latest/examples.table.json", "_latest_artifact_path": "wandb-client-artifact://cv9u1fj6ftj762etmckq5ugir0i5lvpegesx70yp2sk02l0fkghmqmdx2tzpxqq6r4xoxay06dsiz5n017r7zlk5bulp7q36gqfozvv9tt0x6lrqmb5vmceru6b66nmh:latest/examples.table.json", "path": "media/table/examples_34_91f6e347e7ecd02507aa.table.json", "ncols": 3, "nrows": 20}, "global_step": 133, "train/loss_step": 0.6693770289421082, "train/acc_step": 0.640625, "epoch": 0, "trainer/global_step": 133, "train/loss_epoch": 0.6208510398864746, "train/acc_epoch": 0.6954742074012756, "valid/loss_step/epoch_0": 0.4872114360332489, "valid/loss_epoch": 0.6164019703865051, "valid/acc": 0.6912751793861389, "valid/precision_macro": 0.34563758969306946, "valid/recall_macro": 0.5, "valid/precision_micro": 0.6912751793861389, "valid/recall_micro": 0.6912751793861389, "valid/f1": 0.6912751793861389, "_wandb": {"runtime": 83}}