{"conf_table": {"_type": "table-file", "sha256": "64d53b227faa1d9af28f0039b25e56adeb64e665247c693173315a44082c2d85", "size": 182, "artifact_path": "wandb-client-artifact://otv9clpkm46pdp1aviddkgwbi56hbagan84982zyyq738p41mnimp3osxllvcpo6diq3ow1w3hp0n3aql79grn62jx3shcaltwpcm95px6c857co5wdvsq9nxz0ipiiu:latest/conf_table.table.json", "_latest_artifact_path": "wandb-client-artifact://otv9clpkm46pdp1aviddkgwbi56hbagan84982zyyq738p41mnimp3osxllvcpo6diq3ow1w3hp0n3aql79grn62jx3shcaltwpcm95px6c857co5wdvsq9nxz0ipiiu:latest/conf_table.table.json", "path": "media/table/conf_table_33_64d53b227faa1d9af28f.table.json", "ncols": 3, "nrows": 4}, "_timestamp": 1665397244.5758524, "_runtime": 102.11375641822815, "_step": 35, "examples": {"_type": "table-file", "sha256": "91f6e347e7ecd02507aaae308eae951941a1290f1e97d62b6d4de16dc22ad454", "size": 1253, "artifact_path": "wandb-client-artifact://17zlrzh5b9vgrbkd9lr3oifwilk53wiy0r848r3e0wweocsvzhw21l21y1g1s9taniejc95e9wouyf8ufywmk3gran3l9hfztn95d7cccugrg97e03dyco27zjspo0au:latest/examples.table.json", "_latest_artifact_path": "wandb-client-artifact://17zlrzh5b9vgrbkd9lr3oifwilk53wiy0r848r3e0wweocsvzhw21l21y1g1s9taniejc95e9wouyf8ufywmk3gran3l9hfztn95d7cccugrg97e03dyco27zjspo0au:latest/examples.table.json", "path": "media/table/examples_34_91f6e347e7ecd02507aa.table.json", "ncols": 3, "nrows": 20}, "global_step": 133, "train/loss_step": 0.5627242922782898, "train/acc_step": 0.75, "epoch": 0, "trainer/global_step": 133, "train/loss_epoch": 0.6167517304420471, "train/acc_epoch": 0.700502872467041, "valid/loss_step/epoch_0": 0.47733527421951294, "valid/loss_epoch": 0.6185547113418579, "valid/acc": 0.6912751793861389, "valid/precision_macro": 0.34563758969306946, "valid/recall_macro": 0.5, "valid/precision_micro": 0.6912751793861389, "valid/recall_micro": 0.6912751793861389, "valid/f1": 0.6912751793861389, "_wandb": {"runtime": 98}}