{"conf_table": {"_type": "table-file", "sha256": "64d53b227faa1d9af28f0039b25e56adeb64e665247c693173315a44082c2d85", "size": 182, "artifact_path": "wandb-client-artifact://156a1sfsic8isgvbx5kn2xwuf9aavtkrret3z2xisbxlgelrw0imoy9ha8tx89get6ofkp0exy9hst08js2zxtyid4k8o97hc2cakk2jt8isylafo6985apqq0lihkwr:latest/conf_table.table.json", "_latest_artifact_path": "wandb-client-artifact://156a1sfsic8isgvbx5kn2xwuf9aavtkrret3z2xisbxlgelrw0imoy9ha8tx89get6ofkp0exy9hst08js2zxtyid4k8o97hc2cakk2jt8isylafo6985apqq0lihkwr:latest/conf_table.table.json", "path": "media/table/conf_table_67_64d53b227faa1d9af28f.table.json", "ncols": 3, "nrows": 4}, "_timestamp": 1664867114.8106666, "_runtime": 143.65510845184326, "_step": 69, "examples": {"_type": "table-file", "sha256": "91f6e347e7ecd02507aaae308eae951941a1290f1e97d62b6d4de16dc22ad454", "size": 1253, "artifact_path": "wandb-client-artifact://np9fxnqwtswnzvp48qzx70wzkw58tyoj7qm8y2pkn8i2o7pyxnnjlgpzv5i6g06mgo1hdkh995h9jocrgg4hzv4040wlq3w9c5ree6od4i8hdfxbk264dn4s73qbwqqp:latest/examples.table.json", "_latest_artifact_path": "wandb-client-artifact://np9fxnqwtswnzvp48qzx70wzkw58tyoj7qm8y2pkn8i2o7pyxnnjlgpzv5i6g06mgo1hdkh995h9jocrgg4hzv4040wlq3w9c5ree6od4i8hdfxbk264dn4s73qbwqqp:latest/examples.table.json", "path": "media/table/examples_68_91f6e347e7ecd02507aa.table.json", "ncols": 3, "nrows": 20}, "global_step": 267, "train/loss_step": 0.5542857646942139, "train/acc_step": 0.765625, "epoch": 1, "trainer/global_step": 267, "train/loss_epoch": 0.607295572757721, "train/acc_epoch": 0.7043620347976685, "valid/loss_step/epoch_0": 0.47898241877555847, "valid/loss_epoch": 0.6182529926300049, "valid/acc": 0.6912751793861389, "valid/precision_macro": 0.34563758969306946, "valid/recall_macro": 0.5, "valid/precision_micro": 0.6912751793861389, "valid/recall_micro": 0.6912751793861389, "valid/f1": 0.6912751793861389, "valid/loss_step/epoch_1": 0.4810763895511627, "_wandb": {"runtime": 141}}