{"conf_table": {"_type": "table-file", "sha256": "64d53b227faa1d9af28f0039b25e56adeb64e665247c693173315a44082c2d85", "size": 182, "artifact_path": "wandb-client-artifact://o857j6d4h3lyfjw2b3qx38jybm4013b319knz0rkmlt99a1g1q7uly1z36suubxwvnnv2kzbqz1u6c6jz78svk94ra55h9qt0h9cciq84678r84zri0btkfbop2o3sef:latest/conf_table.table.json", "_latest_artifact_path": "wandb-client-artifact://o857j6d4h3lyfjw2b3qx38jybm4013b319knz0rkmlt99a1g1q7uly1z36suubxwvnnv2kzbqz1u6c6jz78svk94ra55h9qt0h9cciq84678r84zri0btkfbop2o3sef:latest/conf_table.table.json", "path": "media/table/conf_table_33_64d53b227faa1d9af28f.table.json", "ncols": 3, "nrows": 4}, "_timestamp": 1665727376.1189744, "_runtime": 79.75358843803406, "_step": 35, "examples": {"_type": "table-file", "sha256": "91f6e347e7ecd02507aaae308eae951941a1290f1e97d62b6d4de16dc22ad454", "size": 1253, "artifact_path": "wandb-client-artifact://ofqtekyqgvknh7qeilc2e7zikpcjx0tncl2frcibm64wyc8zk0oc22hc2af9wehjeetvpbnr6fy8phcwujt1qup01dxcrlcsgqrih1xr9ht894hk5scwtk6yk45pexr2:latest/examples.table.json", "_latest_artifact_path": "wandb-client-artifact://ofqtekyqgvknh7qeilc2e7zikpcjx0tncl2frcibm64wyc8zk0oc22hc2af9wehjeetvpbnr6fy8phcwujt1qup01dxcrlcsgqrih1xr9ht894hk5scwtk6yk45pexr2:latest/examples.table.json", "path": "media/table/examples_34_91f6e347e7ecd02507aa.table.json", "ncols": 3, "nrows": 20}, "global_step": 133, "train/loss_step": 0.5756471753120422, "train/acc_step": 0.75, "epoch": 0, "trainer/global_step": 133, "train/loss_epoch": 0.6191163063049316, "train/acc_epoch": 0.6849491000175476, "valid/loss_step/epoch_0": 0.47214993834495544, "valid/loss_epoch": 0.6199381351470947, "valid/acc": 0.6912751793861389, "valid/precision_macro": 0.34563758969306946, "valid/recall_macro": 0.5, "valid/precision_micro": 0.6912751793861389, "valid/recall_micro": 0.6912751793861389, "valid/f1": 0.6912751793861389, "_wandb": {"runtime": 77}}