{"conf_table": {"_type": "table-file", "sha256": "64d53b227faa1d9af28f0039b25e56adeb64e665247c693173315a44082c2d85", "size": 182, "artifact_path": "wandb-client-artifact://oqko2fsy5nwd93sl9afdc09w4wb8c3pygylitp8p54q61v87ewzju1l45yu8t1tid1tfj6p8xcdwlsa9lmw0fyri9ttbtmn8x6cxsq6im1z7jiclq1m91c4lsqzr8s1q:latest/conf_table.table.json", "_latest_artifact_path": "wandb-client-artifact://oqko2fsy5nwd93sl9afdc09w4wb8c3pygylitp8p54q61v87ewzju1l45yu8t1tid1tfj6p8xcdwlsa9lmw0fyri9ttbtmn8x6cxsq6im1z7jiclq1m91c4lsqzr8s1q:latest/conf_table.table.json", "path": "media/table/conf_table_33_64d53b227faa1d9af28f.table.json", "ncols": 3, "nrows": 4}, "_timestamp": 1665578498.7159812, "_runtime": 85.86988115310669, "_step": 35, "examples": {"_type": "table-file", "sha256": "91f6e347e7ecd02507aaae308eae951941a1290f1e97d62b6d4de16dc22ad454", "size": 1253, "artifact_path": "wandb-client-artifact://geyduvcg723wak4oe7172zu4lis6wfaz22xamoc3f43qocqun1nyfanzriyuydrypua36ftc3z71ff7o8yvb61vb52wxlkzd2sqlvn8mj7qud5npagi6c8uy1ysdc0xg:latest/examples.table.json", "_latest_artifact_path": "wandb-client-artifact://geyduvcg723wak4oe7172zu4lis6wfaz22xamoc3f43qocqun1nyfanzriyuydrypua36ftc3z71ff7o8yvb61vb52wxlkzd2sqlvn8mj7qud5npagi6c8uy1ysdc0xg:latest/examples.table.json", "path": "media/table/examples_34_91f6e347e7ecd02507aa.table.json", "ncols": 3, "nrows": 20}, "global_step": 133, "train/loss_step": 0.6120584607124329, "train/acc_step": 0.703125, "epoch": 0, "trainer/global_step": 133, "train/loss_epoch": 0.624936044216156, "train/acc_epoch": 0.6879897117614746, "valid/loss_step/epoch_0": 0.484937459230423, "valid/loss_epoch": 0.6184166073799133, "valid/acc": 0.6912751793861389, "valid/precision_macro": 0.34563758969306946, "valid/recall_macro": 0.5, "valid/precision_micro": 0.6912751793861389, "valid/recall_micro": 0.6912751793861389, "valid/f1": 0.6912751793861389, "_wandb": {"runtime": 83}}